name,position,team,salary,consensus,p90,ceiling_value_p90
jj mccarthy,QB,MIN,6800,15.63,20.32,2.988
josh allen,QB,BUF,9000,19.62,25.51,2.834
geno smith,QB,LV,6500,14.13,18.37,2.826
brock purdy,QB,SF,7100,17.09,23.83,3.356
dak prescott,QB,DAL,7800,16.71,22.17,2.842
lamar jackson,QB,BAL,8600,20.6,27.43,3.189
patrick mahomes,QB,KC,8300,17.45,22.88,2.757
aaron rodgers,QB,PIT,7300,15.53,20.19,2.766
jacoby brissett,QB,ARI,7000,15.92,22.71,3.244
jalen hurts,QB,PHI,9000,19.46,25.3,2.811
caleb williams,QB,CHI,7700,17.43,22.82,2.964
justin herbert,QB,LAC,8200,16.36,21.27,2.594
matthew stafford,QB,LAR,7900,16.89,23.15,2.93
jordan love,QB,GB,7400,15.73,19.84,2.682
michael penix,QB,ATL,6500,13.2,15.84,2.437
joe flacco,QB,CIN,7800,15.79,21.52,2.759
sam darnold,QB,SEA,7200,14.11,18.34,2.548
trevor lawrence,QB,JAC,6900,14.53,21.38,3.099
jameis winston,QB,NYG,6300,12.67,15.72,2.496
davis mills,QB,HOU,6700,14.44,17.33,2.586
baker mayfield,QB,TB,8000,15.37,19.98,2.498
bo nix,QB,DEN,7500,15.69,23.12,3.083
jared goff,QB,DET,8000,13.83,18.01,2.251
bryce young,QB,CAR,6500,11.83,16.29,2.507
dillon gabriel,QB,CLE,6400,10.9,13.08,2.044
cam ward,QB,TEN,6400,10.19,15.73,2.458
mac jones,QB,SF,7100,1.0,1.45,0.204
russell wilson,QB,NYG,6600,0.7,0.93,0.141
jalen milroe,QB,SEA,6000,0.6,0.87,0.145
malik willis,QB,GB,6300,0.5,0.67,0.106
tyler huntley,QB,BAL,6000,0.5,0.67,0.111
mitchell trubisky,QB,BUF,6000,0.5,0.72,0.121
joe milton,QB,DAL,6000,0.5,0.72,0.121
jimmy garoppolo,QB,LAR,6000,0.4,0.58,0.096
tyson bagent,QB,CHI,6000,0.4,0.58,0.096
max brosmer,QB,MIN,6000,0.4,0.58,0.096
kirk cousins,QB,ATL,6000,0.4,0.53,0.089
shedeur sanders,QB,CLE,6000,0.4,0.53,0.089
andy dalton,QB,CAR,6000,0.4,0.53,0.089
jake browning,QB,CIN,6000,0.4,0.58,0.096
mason rudolph,QB,PIT,6300,0.4,0.58,0.092
trey lance,QB,LAC,6300,0.4,0.58,0.092
tanner mckee,QB,PHI,6300,0.4,0.58,0.092
jarrett stidham,QB,DEN,6000,0.3,0.43,0.072
nick mullens,QB,JAC,6000,0.3,0.43,0.072
brandon allen,QB,TEN,6000,0.3,0.4,0.067
christian mccaffrey,RB,SF,10000,21.3,32.67,3.267
ashton jeanty,RB,LV,7300,15.03,21.51,2.947
jaylen warren,RB,PIT,7000,14.6,22.08,3.155
bijan robinson,RB,ATL,9300,17.43,25.79,2.774
rico dowdle,RB,CAR,8100,15.39,21.45,2.648
josh jacobs,RB,GB,9100,17.91,27.22,2.991
aaron jones sr,RB,MIN,6400,11.22,16.49,2.577
rj harvey,RB,DEN,5800,10.51,15.62,2.693
javonte williams,RB,DAL,8600,14.38,21.7,2.523
chase brown,RB,CIN,7200,11.71,16.13,2.241
woody marks,RB,HOU,6300,11.42,16.75,2.659
travis etienne,RB,JAC,6800,11.2,16.35,2.405
dandre swift,RB,CHI,6900,11.61,16.02,2.322
james cook,RB,BUF,8900,15.1,22.62,2.542
jahmyr gibbs,RB,DET,9200,14.59,20.54,2.233
kimani vidal,RB,LAC,7400,10.34,16.31,2.204
saquon barkley,RB,PHI,8500,12.98,18.27,2.15
tyjae spears,RB,TEN,5300,7.66,12.86,2.426
tyrone tracy,RB,NYG,6200,9.79,15.56,2.51
david montgomery,RB,DET,6300,8.86,16.27,2.582
derrick henry,RB,BAL,8500,12.77,19.66,2.313
quinshon judkins,RB,CLE,7700,11.82,16.45,2.137
kyren williams,RB,LAR,8400,11.0,15.46,1.84
tony pollard,RB,TEN,5600,7.89,13.34,2.383
kareem hunt,RB,KC,6000,8.47,14.98,2.496
rachaad white,RB,TB,7300,10.73,15.51,2.125
sean tucker,RB,TB,5200,8.33,15.58,2.997
emari demercado,RB,ARI,5300,7.82,13.24,2.497
kyle monangai,RB,CHI,6100,7.61,12.93,2.12
nick chubb,RB,HOU,5400,7.06,12.72,2.355
kenneth walker,RB,SEA,6600,8.79,15.64,2.37
zach charbonnet,RB,SEA,6500,7.59,13.09,2.015
tyler allgeier,RB,ATL,5700,6.19,9.92,1.741
jordan mason,RB,MIN,5800,7.04,12.75,2.199
zonovan knight,RB,ARI,5500,6.4,11.14,2.026
devin singletary,RB,NYG,5400,6.79,9.94,1.841
kenneth gainwell,RB,PIT,5700,7.37,14.63,2.567
blake corum,RB,LAR,5400,5.15,8.15,1.51
keaton mitchell,RB,BAL,4300,4.64,9.44,2.195
brian robinson,RB,SF,5100,3.98,5.54,1.086
chuba hubbard,RB,CAR,5200,4.85,8.3,1.596
bhayshul tuten,RB,JAC,4900,4.1,5.54,1.131
brashard smith,RB,KC,5000,4.26,7.49,1.497
emanuel wilson,RB,GB,5600,4.88,7.87,1.406
tyler badie,RB,DEN,4200,3.88,6.81,1.622
ty johnson,RB,BUF,4500,3.37,6.29,1.398
dylan sampson,RB,CLE,5000,3.54,4.91,0.982
ray davis,RB,BUF,4400,2.88,5.54,1.259
jerome ford,RB,CLE,4700,3.08,4.32,0.92
tank bigsby,RB,PHI,5200,2.48,4.91,0.945
tahj brooks,RB,CIN,4100,3.63,6.84,1.668
michael carter,RB,ARI,4800,2.61,4.41,0.918
jaleel mclaughlin,RB,DEN,4000,2.4,4.07,1.018
raheem mostert,RB,LV,4600,3.04,5.18,1.127
kaleb johnson,RB,PIT,4700,2.3,4.28,0.91
will shipley,RB,PHI,5300,2.4,4.03,0.759
jaydon blue,RB,DAL,4700,2.0,3.71,0.79
jaret patterson,RB,LAC,5500,2.1,3.5,0.636
kyle juszczyk,RB,SF,4200,1.6,2.96,0.705
lequint allen,RB,JAC,4300,1.6,2.69,0.626
dare ogunbowale,RB,HOU,4100,1.3,2.4,0.586
chris brooks,RB,GB,4900,1.5,2.77,0.565
george holani,RB,SEA,4200,1.2,2.01,0.479
clyde edwardshelaire,RB,KC,4000,1.1,2.01,0.503
dylan laube,RB,LV,4100,1.0,1.67,0.408
patrick ricard,RB,BAL,4000,0.9,1.66,0.416
hunter luepke,RB,DAL,4100,0.8,1.48,0.36
zavier scott,RB,MIN,4600,0.9,1.51,0.328
adam prentice,RB,DEN,4000,0.8,1.34,0.335
cj ham,RB,MIN,4000,0.8,1.34,0.335
trevor etienne,RB,CAR,4200,0.8,1.34,0.319
roschon johnson,RB,CHI,4100,0.7,1.18,0.287
julius chestnut,RB,TEN,4100,0.6,1.0,0.245
aj dillon,RB,PHI,4800,0.6,1.0,0.208
british brooks,RB,HOU,4000,0.5,0.92,0.23
owen wright,RB,TB,4000,0.5,0.84,0.21
isaac guerendo,RB,SF,4000,0.5,0.92,0.23
nathan carter,RB,ATL,4300,0.5,0.92,0.214
brittain brown,RB,CHI,4300,0.5,0.83,0.194
trayveon williams,RB,LAC,4400,0.5,0.84,0.191
elijah mitchell,RB,KC,4000,0.4,0.74,0.184
amar johnson,RB,LAC,4000,0.4,0.67,0.168
reggie gilliam,RB,BUF,4000,0.4,0.74,0.184
travis homer,RB,CHI,4100,0.4,0.67,0.164
sione vaki,RB,DET,4100,0.3,0.5,0.123
rasheen ali,RB,BAL,4000,0.3,0.55,0.138
kendall milton,RB,CIN,4000,0.2,0.34,0.084
cam akers,RB,MIN,4000,0.1,0.17,0.042
wandale robinson,WR,NYG,5800,12.72,17.24,2.973
jamarr chase,WR,CIN,9400,18.53,27.08,2.881
rashee rice,WR,KC,8200,13.8,19.2,2.341
jaxon smithnjigba,WR,SEA,9700,17.86,24.53,2.529
devonta smith,WR,PHI,6900,12.99,20.44,2.962
george pickens,WR,DAL,7500,12.56,17.81,2.374
drake london,WR,ATL,8400,14.16,18.85,2.244
ladd mcconkey,WR,LAC,7500,12.92,17.41,2.322
romeo doubs,WR,GB,6300,11.07,16.97,2.694
tre tucker,WR,LV,5800,10.31,20.51,3.537
puka nacua,WR,LAR,9500,15.59,22.18,2.335
ceedee lamb,WR,DAL,9200,15.93,22.12,2.405
amonra st brown,WR,DET,9100,15.89,21.72,2.386
emeka egbuka,WR,TB,7900,14.13,22.07,2.793
khalil shakir,WR,BUF,6100,11.12,18.55,3.041
davante adams,WR,LAR,8000,12.68,18.15,2.269
jauan jennings,WR,SF,6200,11.65,17.51,2.825
nico collins,WR,HOU,8300,13.48,17.67,2.129
zay flowers,WR,BAL,7100,11.86,16.77,2.362
tetairoa mcmillan,WR,CAR,6200,11.36,18.6,3.001
parker washington,WR,JAC,5900,10.03,16.53,2.801
tee higgins,WR,CIN,7300,11.77,20.47,2.804
justin jefferson,WR,MIN,8600,15.43,21.36,2.484
jameson williams,WR,DET,6700,10.81,16.33,2.437
rome odunze,WR,CHI,7200,12.19,17.75,2.466
michael wilson,WR,ARI,5500,9.59,19.37,3.522
dk metcalf,WR,PIT,7400,11.29,18.78,2.538
quentin johnston,WR,LAC,6600,9.96,15.08,2.284
tez johnson,WR,TB,5900,9.11,19.6,3.323
troy franklin,WR,DEN,6100,10.61,20.7,3.394
jordan addison,WR,MIN,6900,10.9,18.45,2.674
jerry jeudy,WR,CLE,5700,9.68,17.15,3.009
aj brown,WR,PHI,8300,12.29,17.65,2.127
christian watson,WR,GB,5800,8.96,14.46,2.493
ricky pearsall,WR,SF,5700,8.68,16.58,2.909
dj moore,WR,CHI,6000,9.41,16.54,2.757
tyler lockett,WR,LV,5000,7.67,19.44,3.889
courtland sutton,WR,DEN,6800,10.88,20.61,3.031
xavier worthy,WR,KC,6400,10.14,18.46,2.884
cooper kupp,WR,SEA,5300,7.9,16.29,3.073
jakobi meyers,WR,JAC,5900,8.93,16.34,2.77
rashid shaheed,WR,SEA,5600,8.46,16.42,2.932
darnell mooney,WR,ATL,5600,8.68,14.24,2.543
chimere dike,WR,TEN,5300,5.94,9.87,1.862
keenan allen,WR,LAC,7000,9.65,14.99,2.141
calvin austin,WR,PIT,5700,9.52,17.38,3.048
olamide zaccheaus,WR,CHI,5300,7.47,16.19,3.054
jalen coker,WR,CAR,4800,6.31,14.8,3.084
elic ayomanor,WR,TEN,5400,7.54,16.28,3.015
cedric tillman,WR,CLE,4700,6.8,15.72,3.344
greg dortch,WR,ARI,5200,8.66,19.32,3.715
luther burden,WR,CHI,4800,5.42,11.39,2.373
jalen nailor,WR,MIN,5600,7.61,16.32,2.914
jayden higgins,WR,HOU,5400,7.75,14.0,2.593
xavier legette,WR,CAR,4700,5.5,11.88,2.527
deandre hopkins,WR,BAL,5000,6.05,9.23,1.847
calvin ridley,WR,TEN,5200,6.57,11.51,2.214
christian kirk,WR,HOU,5300,5.45,8.82,1.665
dyami brown,WR,JAC,4700,4.12,6.4,1.362
andrei iosivas,WR,CIN,5100,6.51,19.9,3.901
joshua palmer,WR,BUF,4500,6.68,16.26,3.614
matthew golden,WR,GB,5600,6.4,10.65,1.903
kendrick bourne,WR,SF,5000,3.71,8.31,1.662
marvin mims,WR,DEN,5000,6.57,19.85,3.969
jaylin noel,WR,HOU,4900,3.45,5.33,1.088
roman wilson,WR,PIT,4900,6.15,14.94,3.049
pat bryant,WR,DEN,4800,4.21,17.58,3.662
sterling shepard,WR,TB,5500,6.8,19.6,3.564
ryan flournoy,WR,DAL,4500,3.48,6.26,1.392
dontayvion wicks,WR,GB,5500,5.88,11.88,2.16
keon coleman,WR,BUF,5400,3.74,8.34,1.545
xavier hutchinson,WR,HOU,5100,3.6,7.77,1.523
kalif raymond,WR,DET,4500,2.29,5.25,1.167
donte thornton,WR,LV,4500,4.31,6.84,1.521
kavontae turpin,WR,DAL,5300,4.65,10.68,2.015
tre harris,WR,LAC,5100,3.87,4.9,0.96
jack bech,WR,LV,4800,2.37,8.93,1.86
tim patrick,WR,JAC,4200,2.25,6.9,1.642
elijah moore,WR,BUF,4700,2.94,6.69,1.423
juju smithschuster,WR,KC,4900,2.41,6.67,1.362
rayray mccloud,WR,NYG,4600,2.9,6.44,1.401
jordan whittington,WR,LAR,5000,2.68,6.05,1.209
isaac teslaa,WR,DET,4200,2.6,5.23,1.244
jahan dotson,WR,PHI,5000,2.65,6.03,1.207
tyquan thornton,WR,KC,4600,2.8,7.46,1.622
van jefferson,WR,TEN,4600,2.84,7.63,1.66
xavier weaver,WR,ARI,4000,2.3,6.38,1.595
gunner olszewski,WR,NYG,4300,2.4,5.44,1.265
demarcus robinson,WR,SF,4800,2.04,5.48,1.141
curtis samuel,WR,BUF,4600,2.3,5.23,1.137
tyrell shavers,WR,BUF,4200,2.1,4.81,1.146
tylan wallace,WR,BAL,4300,2.1,3.4,0.79
jalin hyatt,WR,NYG,4200,2.0,4.49,1.07
gabe davis,WR,BUF,4800,2.2,4.91,1.022
isaiah hodgins,WR,NYG,4000,1.8,4.07,1.017
devontez walker,WR,BAL,4100,1.8,2.91,0.71
david sills v,WR,ATL,4400,1.9,3.54,0.804
cody white,WR,SEA,4000,1.6,3.61,0.902
isaiah bond,WR,CLE,4900,1.8,4.05,0.827
jimmy horn,WR,CAR,4300,1.5,3.37,0.784
bo melton,WR,GB,4000,1.4,2.59,0.646
savion williams,WR,GB,4600,1.5,2.77,0.601
xavier smith,WR,LAR,4200,1.4,3.16,0.753
jalen tolbert,WR,DAL,4800,1.5,3.4,0.708
andre baccellia,WR,ARI,4000,1.2,3.3,0.825
adam thielen,WR,MIN,4500,1.2,2.7,0.601
brian thomas,WR,JAC,6700,1.6,3.57,0.533
jamari thrash,WR,CLE,4400,1.0,2.24,0.509
konata mumpfield,WR,LAR,4300,1.0,2.26,0.526
austin trammell,WR,JAC,4200,0.9,2.04,0.486
kameron johnson,WR,TB,4700,0.9,2.47,0.526
liljordan humphrey,WR,DEN,4200,0.3,0.83,0.197
malachi corley,WR,CLE,4200,0.2,0.45,0.107
trey mcbride,TE,ARI,7700,14.33,21.03,2.731
brock bowers,TE,LV,7200,13.81,20.14,2.798
kyle pitts sr,TE,ATL,5000,8.35,10.37,2.073
george kittle,TE,SF,6600,10.72,14.73,2.231
cade otton,TE,TB,5500,7.98,11.62,2.113
travis kelce,TE,KC,5600,8.58,11.69,2.087
dallas goedert,TE,PHI,5800,8.93,12.18,2.1
harold fannin,TE,CLE,5100,7.33,10.3,2.019
oronde gadsden,TE,LAC,6500,8.7,11.34,1.744
dalton schultz,TE,HOU,5300,8.08,10.38,1.958
theo johnson,TE,NYG,5900,8.2,11.04,1.872
mark andrews,TE,BAL,5800,7.41,9.79,1.687
jake ferguson,TE,DAL,6900,8.59,11.76,1.704
colston loveland,TE,CHI,5200,5.55,13.64,2.624
pat freiermuth,TE,PIT,5000,6.49,11.16,2.232
dawson knox,TE,BUF,4700,6.0,9.8,2.085
isaiah likely,TE,BAL,4800,6.3,8.75,1.824
luke musgrave,TE,GB,5200,5.56,9.61,1.848
michael mayer,TE,LV,4600,6.08,11.04,2.4
jonnu smith,TE,PIT,5100,6.8,11.77,2.308
evan engram,TE,DEN,4900,6.2,10.98,2.24
david njoku,TE,CLE,5000,6.33,9.94,1.989
noah fant,TE,CIN,5100,4.96,11.91,2.335
tj hockenson,TE,MIN,5200,6.33,10.04,1.931
aj barner,TE,SEA,5400,6.01,10.06,1.863
tyler higbee,TE,LAR,4900,4.71,13.66,2.787
elijah arroyo,TE,SEA,4500,3.64,8.44,1.875
chig okonkwo,TE,TEN,4600,5.35,9.77,2.125
darnell washington,TE,PIT,4800,4.22,10.24,2.134
brock wright,TE,DET,4300,3.7,7.71,1.793
terrance ferguson,TE,LAR,4600,3.3,8.48,1.843
jatavion sanders,TE,CAR,4800,4.55,6.06,1.263
elijah higgins,TE,ARI,4500,3.6,8.89,1.976
jackson hawes,TE,BUF,4500,3.3,6.83,1.519
gunnar helm,TE,TEN,4700,3.47,9.13,1.943
cole kmet,TE,CHI,4700,3.1,8.07,1.718
johnny mundt,TE,JAC,4400,2.8,5.78,1.314
davis allen,TE,LAR,4400,2.8,5.78,1.314
daniel bellinger,TE,NYG,4600,2.9,6.0,1.305
tanner hudson,TE,CIN,4200,2.6,6.33,1.508
noah gray,TE,KC,4600,2.72,8.26,1.796
tommy tremble,TE,CAR,4400,2.39,6.7,1.523
colby parkinson,TE,LAR,4800,2.9,5.97,1.244
charlie kolar,TE,BAL,4200,2.5,3.89,0.927
luke schoonmaker,TE,DAL,4200,2.65,8.11,1.931
adam trautman,TE,DEN,4200,2.4,5.82,1.387
luke farrell,TE,SF,4300,2.0,4.08,0.949
mitchell evans,TE,CAR,4100,1.8,3.67,0.896
grant calcaterra,TE,PHI,4400,1.9,3.88,0.882
drew sample,TE,CIN,4200,1.8,4.34,1.033
quintin morris,TE,JAC,4000,1.7,3.46,0.866
tyler conklin,TE,LAC,4500,1.7,2.95,0.656
ross dwelley,TE,DET,4000,1.5,3.08,0.769
jake tonges,TE,SF,4200,1.4,2.88,0.685
cade stover,TE,HOU,4200,1.4,2.43,0.578
charlie woerner,TE,ATL,4200,1.3,2.25,0.535
josh oliver,TE,MIN,4200,1.3,2.67,0.635
tucker fisk,TE,LAC,4300,1.3,2.24,0.522
john fitzpatrick,TE,GB,4900,1.4,2.43,0.496
connor heyward,TE,PIT,4200,1.2,2.45,0.583
kylen granson,TE,PHI,4000,1.1,2.24,0.56
josh whyle,TE,GB,4000,1.0,1.73,0.431
payne durham,TE,TB,4200,1.0,2.42,0.575
brevyn spannford,TE,DAL,4100,1.0,2.04,0.497
ian thomas,TE,LV,4000,0.9,2.17,0.542
nick kallerup,TE,SEA,4200,0.8,1.63,0.388
blake whiteheart,TE,CLE,4000,0.7,1.42,0.356
durham smythe,TE,CHI,4000,0.6,1.22,0.305
david martinrobinson,TE,TEN,4000,0.6,1.22,0.306
josiah deguara,TE,ARI,4000,0.6,1.45,0.361
keleki latu,TE,BUF,4000,0.5,1.02,0.254
teagan quitoriano,TE,ATL,4000,0.5,0.86,0.215
robbie ouzts,TE,SEA,4000,0.5,1.02,0.254
chris manhertz,TE,NYG,4000,0.5,1.02,0.255
thomas fidone,TE,NYG,4000,0.5,1.02,0.255
robert tonyan,TE,KC,4100,0.5,1.01,0.248
zach horton,TE,DET,4000,0.4,0.81,0.202
luke lachey,TE,HOU,4000,0.4,0.68,0.171
marcedes lewis,TE,DEN,4000,0.2,0.48,0.12
falcons,D,ATL,3300,7.6,12.92,3.915
ravens,D,BAL,4500,9.79,19.67,4.371
titans,D,TEN,3100,6.0,10.2,3.29
vikings,D,MIN,3600,6.9,11.73,3.258
texans,D,HOU,4800,10.01,20.11,4.19
cowboys,D,DAL,3600,6.8,11.56,3.211
bears,D,CHI,3800,7.1,12.07,3.176
panthers,D,CAR,3400,6.0,10.2,3.0
cardinals,D,ARI,3200,5.5,9.35,2.922
chiefs,D,KC,4300,7.3,12.41,2.886
giants,D,NYG,3000,5.1,8.67,2.89
bills,D,BUF,3900,6.4,10.88,2.79
jaguars,D,JAC,3700,6.0,10.2,2.757
chargers,D,LAC,4600,7.3,12.41,2.698
packers,D,GB,5000,8.47,17.02,3.403
rams,D,LAR,4200,6.4,10.88,2.59
raiders,D,LV,3200,4.32,6.12,1.912
buccaneers,D,TB,3500,4.68,6.63,1.894
lions,D,DET,4000,5.9,10.03,2.508
seahawks,D,SEA,4100,6.0,10.2,2.488
broncos,D,DEN,4400,6.4,10.88,2.473
steelers,D,PIT,4700,6.6,11.22,2.387
bengals,D,CIN,3000,3.78,5.36,1.785
eagles,D,PHI,4200,5.7,9.69,2.307
browns,D,CLE,4000,5.4,9.18,2.295
49ers,D,SF,4900,6.1,10.37,2.116
